sample_id,language,category,length,ground_truth,raw_response,prediction
sample_0084,python,boundary_conditions,short,1,yes,1
sample_0084,java,boundary_conditions,short,1,yes,1
sample_0084,cpp,boundary_conditions,short,1,yes,1
sample_0084,c,boundary_conditions,short,1,yes,1
sample_0084,php,boundary_conditions,short,1,yes,1
sample_0084,javascript,boundary_conditions,short,1,yes,1
sample_0084,ruby,boundary_conditions,short,1,yes,1
sample_0084,rust,boundary_conditions,short,1,yes,1
sample_0084,typescript,boundary_conditions,short,1,yes,1
sample_0084,swift,boundary_conditions,short,1,yes,1
sample_0084,r,boundary_conditions,short,1,yes,1
sample_0085,python,boundary_conditions,short,1,yes,1
sample_0085,java,boundary_conditions,short,1,yes,1
sample_0085,cpp,boundary_conditions,short,1,yes,1
sample_0085,c,boundary_conditions,short,1,yes,1
sample_0085,php,boundary_conditions,short,1,yes,1
sample_0085,javascript,boundary_conditions,short,1,yes,1
sample_0085,ruby,boundary_conditions,short,1,yes,1
sample_0085,rust,boundary_conditions,short,1,yes,1
sample_0085,typescript,boundary_conditions,short,1,yes,1
sample_0085,swift,boundary_conditions,short,1,yes,1
sample_0085,r,boundary_conditions,short,1,yes,1
sample_0215,python,boundary_conditions,long,1,yes,1
sample_0215,java,boundary_conditions,long,1,yes,1
sample_0215,cpp,boundary_conditions,long,1,yes,1
sample_0215,c,boundary_conditions,long,1,yes,1
sample_0215,php,boundary_conditions,long,1,yes,1
sample_0215,javascript,boundary_conditions,long,1,yes,1
sample_0215,ruby,boundary_conditions,long,1,yes,1
sample_0215,rust,boundary_conditions,long,1,yes,1
sample_0215,typescript,boundary_conditions,long,1,yes,1
sample_0215,swift,boundary_conditions,long,1,yes,1
sample_0215,r,boundary_conditions,long,1,yes,1
sample_0277,python,boundary_conditions,long,1,yes,1
sample_0277,java,boundary_conditions,long,1,yes,1
sample_0277,cpp,boundary_conditions,long,1,yes,1
sample_0277,c,boundary_conditions,long,1,yes,1
sample_0277,php,boundary_conditions,long,1,yes,1
sample_0277,javascript,boundary_conditions,long,1,yes,1
sample_0277,ruby,boundary_conditions,long,1,yes,1
sample_0277,rust,boundary_conditions,long,1,yes,1
sample_0277,typescript,boundary_conditions,long,1,yes,1
sample_0277,swift,boundary_conditions,long,1,yes,1
sample_0277,r,boundary_conditions,long,1,yes,1
sample_0280,python,boundary_conditions,long,1,yes,1
sample_0280,java,boundary_conditions,long,1,yes,1
sample_0280,cpp,boundary_conditions,long,1,yes,1
sample_0280,c,boundary_conditions,long,1,yes,1
sample_0280,php,boundary_conditions,long,1,yes,1
sample_0280,javascript,boundary_conditions,long,1,yes,1
sample_0280,ruby,boundary_conditions,long,1,yes,1
sample_0280,rust,boundary_conditions,long,1,yes,1
sample_0280,typescript,boundary_conditions,long,1,yes,1
sample_0280,swift,boundary_conditions,long,1,yes,1
sample_0280,r,boundary_conditions,long,1,yes,1
sample_0441,python,boundary_conditions,medium,0,no,0
sample_0441,java,boundary_conditions,medium,0,no,0
sample_0441,cpp,boundary_conditions,medium,0,no,0
sample_0441,c,boundary_conditions,medium,0,no,0
sample_0441,php,boundary_conditions,medium,0,no,0
sample_0441,javascript,boundary_conditions,medium,0,no,0
sample_0441,ruby,boundary_conditions,medium,0,yes,1
sample_0441,rust,boundary_conditions,medium,0,no,0
sample_0441,typescript,boundary_conditions,medium,0,no,0
sample_0441,swift,boundary_conditions,medium,0,no,0
sample_0441,r,boundary_conditions,medium,0,yes,1
sample_0447,python,boundary_conditions,medium,0,no,0
sample_0447,java,boundary_conditions,medium,0,no,0
sample_0447,cpp,boundary_conditions,medium,0,no,0
sample_0447,c,boundary_conditions,medium,0,no,0
sample_0447,php,boundary_conditions,medium,0,no,0
sample_0447,javascript,boundary_conditions,medium,0,no,0
sample_0447,ruby,boundary_conditions,medium,0,no,0
sample_0447,rust,boundary_conditions,medium,0,no,0
sample_0447,typescript,boundary_conditions,medium,0,no,0
sample_0447,swift,boundary_conditions,medium,0,no,0
sample_0447,r,boundary_conditions,medium,0,no,0
sample_0459,python,boundary_conditions,medium,0,no,0
sample_0459,java,boundary_conditions,medium,0,no,0
sample_0459,cpp,boundary_conditions,medium,0,no,0
sample_0459,c,boundary_conditions,medium,0,no,0
sample_0459,php,boundary_conditions,medium,0,no,0
sample_0459,javascript,boundary_conditions,medium,0,no,0
sample_0459,ruby,boundary_conditions,medium,0,no,0
sample_0459,rust,boundary_conditions,medium,0,no,0
sample_0459,typescript,boundary_conditions,medium,0,no,0
sample_0459,swift,boundary_conditions,medium,0,no,0
sample_0459,r,boundary_conditions,medium,0,no,0
sample_0498,python,boundary_conditions,medium,0,yes,1
sample_0498,java,boundary_conditions,medium,0,no,0
sample_0498,cpp,boundary_conditions,medium,0,no,0
sample_0498,c,boundary_conditions,medium,0,no,0
sample_0498,php,boundary_conditions,medium,0,no,0
sample_0498,javascript,boundary_conditions,medium,0,no,0
sample_0498,ruby,boundary_conditions,medium,0,no,0
sample_0498,rust,boundary_conditions,medium,0,no,0
sample_0498,typescript,boundary_conditions,medium,0,no,0
sample_0498,swift,boundary_conditions,medium,0,no,0
sample_0498,r,boundary_conditions,medium,0,yes,1
sample_0505,python,boundary_conditions,long,0,no,0
sample_0505,java,boundary_conditions,long,0,no,0
sample_0505,cpp,boundary_conditions,long,0,no,0
sample_0505,c,boundary_conditions,long,0,no,0
sample_0505,php,boundary_conditions,long,0,no,0
sample_0505,javascript,boundary_conditions,long,0,no,0
sample_0505,ruby,boundary_conditions,long,0,yes,1
sample_0505,rust,boundary_conditions,long,0,no,0
sample_0505,typescript,boundary_conditions,long,0,no,0
sample_0505,swift,boundary_conditions,long,0,no,0
sample_0505,r,boundary_conditions,long,0,no,0
sample_0562,python,boundary_conditions,long,0,no,0
sample_0562,java,boundary_conditions,long,0,no,0
sample_0562,cpp,boundary_conditions,long,0,no,0
sample_0562,c,boundary_conditions,long,0,no,0
sample_0562,php,boundary_conditions,long,0,no,0
sample_0562,javascript,boundary_conditions,long,0,no,0
sample_0562,ruby,boundary_conditions,long,0,no,0
sample_0562,rust,boundary_conditions,long,0,yes,1
sample_0562,typescript,boundary_conditions,long,0,no,0
sample_0562,swift,boundary_conditions,long,0,yes,1
sample_0562,r,boundary_conditions,long,0,no,0
sample_0578,python,boundary_conditions,long,0,no,0
sample_0578,java,boundary_conditions,long,0,no,0
sample_0578,cpp,boundary_conditions,long,0,no,0
sample_0578,c,boundary_conditions,long,0,no,0
sample_0578,php,boundary_conditions,long,0,no,0
sample_0578,javascript,boundary_conditions,long,0,no,0
sample_0578,ruby,boundary_conditions,long,0,yes,1
sample_0578,rust,boundary_conditions,long,0,no,0
sample_0578,typescript,boundary_conditions,long,0,no,0
sample_0578,swift,boundary_conditions,long,0,no,0
sample_0578,r,boundary_conditions,long,0,yes,1
sample_0629,python,recursion,short,1,yes,1
sample_0629,java,recursion,short,1,yes,1
sample_0629,cpp,recursion,short,1,yes,1
sample_0629,c,recursion,short,1,yes,1
sample_0629,php,recursion,short,1,yes,1
sample_0629,javascript,recursion,short,1,yes,1
sample_0629,ruby,recursion,short,1,yes,1
sample_0629,rust,recursion,short,1,yes,1
sample_0629,typescript,recursion,short,1,yes,1
sample_0629,swift,recursion,short,1,yes,1
sample_0629,r,recursion,short,1,yes,1
sample_0668,python,recursion,short,1,yes,1
sample_0668,java,recursion,short,1,yes,1
sample_0668,cpp,recursion,short,1,yes,1
sample_0668,c,recursion,short,1,yes,1
sample_0668,php,recursion,short,1,yes,1
sample_0668,javascript,recursion,short,1,yes,1
sample_0668,ruby,recursion,short,1,yes,1
sample_0668,rust,recursion,short,1,yes,1
sample_0668,typescript,recursion,short,1,yes,1
sample_0668,swift,recursion,short,1,yes,1
sample_0668,r,recursion,short,1,yes,1
sample_0671,python,recursion,short,1,yes,1
sample_0671,java,recursion,short,1,yes,1
sample_0671,cpp,recursion,short,1,yes,1
sample_0671,c,recursion,short,1,yes,1
sample_0671,php,recursion,short,1,yes,1
sample_0671,javascript,recursion,short,1,yes,1
sample_0671,ruby,recursion,short,1,yes,1
sample_0671,rust,recursion,short,1,yes,1
sample_0671,typescript,recursion,short,1,yes,1
sample_0671,swift,recursion,short,1,yes,1
sample_0671,r,recursion,short,1,yes,1
sample_0736,python,recursion,medium,1,yes,1
sample_0736,java,recursion,medium,1,yes,1
sample_0736,cpp,recursion,medium,1,yes,1
sample_0736,c,recursion,medium,1,yes,1
sample_0736,php,recursion,medium,1,yes,1
sample_0736,javascript,recursion,medium,1,yes,1
sample_0736,ruby,recursion,medium,1,yes,1
sample_0736,rust,recursion,medium,1,yes,1
sample_0736,typescript,recursion,medium,1,yes,1
sample_0736,swift,recursion,medium,1,yes,1
sample_0736,r,recursion,medium,1,yes,1
sample_0771,python,recursion,medium,1,yes,1
sample_0771,java,recursion,medium,1,yes,1
sample_0771,cpp,recursion,medium,1,no,0
sample_0771,c,recursion,medium,1,yes,1
sample_0771,php,recursion,medium,1,yes,1
sample_0771,javascript,recursion,medium,1,yes,1
sample_0771,ruby,recursion,medium,1,yes,1
sample_0771,rust,recursion,medium,1,yes,1
sample_0771,typescript,recursion,medium,1,yes,1
sample_0771,swift,recursion,medium,1,yes,1
sample_0771,r,recursion,medium,1,yes,1
sample_0865,python,recursion,long,1,yes,1
sample_0865,java,recursion,long,1,yes,1
sample_0865,cpp,recursion,long,1,yes,1
sample_0865,c,recursion,long,1,yes,1
sample_0865,php,recursion,long,1,yes,1
sample_0865,javascript,recursion,long,1,yes,1
sample_0865,ruby,recursion,long,1,yes,1
sample_0865,rust,recursion,long,1,yes,1
sample_0865,typescript,recursion,long,1,yes,1
sample_0865,swift,recursion,long,1,yes,1
sample_0865,r,recursion,long,1,yes,1
sample_0923,python,recursion,short,0,yes,1
sample_0923,java,recursion,short,0,yes,1
sample_0923,cpp,recursion,short,0,no,0
sample_0923,c,recursion,short,0,no,0
sample_0923,php,recursion,short,0,no,0
sample_0923,javascript,recursion,short,0,no,0
sample_0923,ruby,recursion,short,0,no,0
sample_0923,rust,recursion,short,0,yes,1
sample_0923,typescript,recursion,short,0,no,0
sample_0923,swift,recursion,short,0,yes,1
sample_0923,r,recursion,short,0,no,0
sample_1011,python,recursion,medium,0,yes,1
sample_1011,java,recursion,medium,0,yes,1
sample_1011,cpp,recursion,medium,0,yes,1
sample_1011,c,recursion,medium,0,yes,1
sample_1011,php,recursion,medium,0,yes,1
sample_1011,javascript,recursion,medium,0,yes,1
sample_1011,ruby,recursion,medium,0,yes,1
sample_1011,rust,recursion,medium,0,yes,1
sample_1011,typescript,recursion,medium,0,yes,1
sample_1011,swift,recursion,medium,0,yes,1
sample_1011,r,recursion,medium,0,yes,1
sample_1017,python,recursion,medium,0,no,0
sample_1017,java,recursion,medium,0,no,0
sample_1017,cpp,recursion,medium,0,no,0
sample_1017,c,recursion,medium,0,no,0
sample_1017,php,recursion,medium,0,no,0
sample_1017,javascript,recursion,medium,0,no,0
sample_1017,ruby,recursion,medium,0,yes,1
sample_1017,rust,recursion,medium,0,no,0
sample_1017,typescript,recursion,medium,0,no,0
sample_1017,swift,recursion,medium,0,no,0
sample_1017,r,recursion,medium,0,no,0
sample_1092,python,recursion,medium,0,no,0
sample_1092,java,recursion,medium,0,no,0
sample_1092,cpp,recursion,medium,0,no,0
sample_1092,c,recursion,medium,0,no,0
sample_1092,php,recursion,medium,0,no,0
sample_1092,javascript,recursion,medium,0,no,0
sample_1092,ruby,recursion,medium,0,no,0
sample_1092,rust,recursion,medium,0,no,0
sample_1092,typescript,recursion,medium,0,no,0
sample_1092,swift,recursion,medium,0,no,0
sample_1092,r,recursion,medium,0,no,0
sample_1136,python,recursion,long,0,no,0
sample_1136,java,recursion,long,0,no,0
sample_1136,cpp,recursion,long,0,no,0
sample_1136,c,recursion,long,0,no,0
sample_1136,php,recursion,long,0,no,0
sample_1136,javascript,recursion,long,0,no,0
sample_1136,ruby,recursion,long,0,no,0
sample_1136,rust,recursion,long,0,no,0
sample_1136,typescript,recursion,long,0,no,0
sample_1136,swift,recursion,long,0,no,0
sample_1136,r,recursion,long,0,no,0
sample_1168,python,recursion,long,0,no,0
sample_1168,java,recursion,long,0,no,0
sample_1168,cpp,recursion,long,0,no,0
sample_1168,c,recursion,long,0,no,0
sample_1168,php,recursion,long,0,no,0
sample_1168,javascript,recursion,long,0,no,0
sample_1168,ruby,recursion,long,0,yes,1
sample_1168,rust,recursion,long,0,no,0
sample_1168,typescript,recursion,long,0,no,0
sample_1168,swift,recursion,long,0,no,0
sample_1168,r,recursion,long,0,no,0
sample_1175,python,recursion,long,0,no,0
sample_1175,java,recursion,long,0,no,0
sample_1175,cpp,recursion,long,0,no,0
sample_1175,c,recursion,long,0,no,0
sample_1175,php,recursion,long,0,no,0
sample_1175,javascript,recursion,long,0,no,0
sample_1175,ruby,recursion,long,0,no,0
sample_1175,rust,recursion,long,0,no,0
sample_1175,typescript,recursion,long,0,no,0
sample_1175,swift,recursion,long,0,no,0
sample_1175,r,recursion,long,0,no,0
sample_1307,python,data_mutations,medium,1,yes,1
sample_1307,java,data_mutations,medium,1,yes,1
sample_1307,cpp,data_mutations,medium,1,yes,1
sample_1307,c,data_mutations,medium,1,yes,1
sample_1307,php,data_mutations,medium,1,yes,1
sample_1307,javascript,data_mutations,medium,1,yes,1
sample_1307,ruby,data_mutations,medium,1,yes,1
sample_1307,rust,data_mutations,medium,1,yes,1
sample_1307,typescript,data_mutations,medium,1,yes,1
sample_1307,swift,data_mutations,medium,1,yes,1
sample_1307,r,data_mutations,medium,1,yes,1
sample_1317,python,data_mutations,medium,1,yes,1
sample_1317,java,data_mutations,medium,1,yes,1
sample_1317,cpp,data_mutations,medium,1,yes,1
sample_1317,c,data_mutations,medium,1,yes,1
sample_1317,php,data_mutations,medium,1,yes,1
sample_1317,javascript,data_mutations,medium,1,yes,1
sample_1317,ruby,data_mutations,medium,1,yes,1
sample_1317,rust,data_mutations,medium,1,yes,1
sample_1317,typescript,data_mutations,medium,1,yes,1
sample_1317,swift,data_mutations,medium,1,yes,1
sample_1317,r,data_mutations,medium,1,yes,1
sample_1411,python,data_mutations,long,1,yes,1
sample_1411,java,data_mutations,long,1,yes,1
sample_1411,cpp,data_mutations,long,1,yes,1
sample_1411,c,data_mutations,long,1,yes,1
sample_1411,php,data_mutations,long,1,no,0
sample_1411,javascript,data_mutations,long,1,yes,1
sample_1411,ruby,data_mutations,long,1,yes,1
sample_1411,rust,data_mutations,long,1,yes,1
sample_1411,typescript,data_mutations,long,1,yes,1
sample_1411,swift,data_mutations,long,1,yes,1
sample_1411,r,data_mutations,long,1,yes,1
sample_1423,python,data_mutations,long,1,yes,1
sample_1423,java,data_mutations,long,1,yes,1
sample_1423,cpp,data_mutations,long,1,yes,1
sample_1423,c,data_mutations,long,1,yes,1
sample_1423,php,data_mutations,long,1,yes,1
sample_1423,javascript,data_mutations,long,1,yes,1
sample_1423,ruby,data_mutations,long,1,yes,1
sample_1423,rust,data_mutations,long,1,yes,1
sample_1423,typescript,data_mutations,long,1,yes,1
sample_1423,swift,data_mutations,long,1,yes,1
sample_1423,r,data_mutations,long,1,yes,1
sample_1456,python,data_mutations,long,1,yes,1
sample_1456,java,data_mutations,long,1,yes,1
sample_1456,cpp,data_mutations,long,1,yes,1
sample_1456,c,data_mutations,long,1,yes,1
sample_1456,php,data_mutations,long,1,yes,1
sample_1456,javascript,data_mutations,long,1,no,0
sample_1456,ruby,data_mutations,long,1,yes,1
sample_1456,rust,data_mutations,long,1,yes,1
sample_1456,typescript,data_mutations,long,1,no,0
sample_1456,swift,data_mutations,long,1,no,0
sample_1456,r,data_mutations,long,1,yes,1
sample_1514,python,data_mutations,short,0,no,0
sample_1514,java,data_mutations,short,0,no,0
sample_1514,cpp,data_mutations,short,0,no,0
sample_1514,c,data_mutations,short,0,no,0
sample_1514,php,data_mutations,short,0,no,0
sample_1514,javascript,data_mutations,short,0,no,0
sample_1514,ruby,data_mutations,short,0,no,0
sample_1514,rust,data_mutations,short,0,no,0
sample_1514,typescript,data_mutations,short,0,no,0
sample_1514,swift,data_mutations,short,0,no,0
sample_1514,r,data_mutations,short,0,no,0
sample_1575,python,data_mutations,short,0,no,0
sample_1575,java,data_mutations,short,0,no,0
sample_1575,cpp,data_mutations,short,0,no,0
sample_1575,c,data_mutations,short,0,no,0
sample_1575,php,data_mutations,short,0,no,0
sample_1575,javascript,data_mutations,short,0,no,0
sample_1575,ruby,data_mutations,short,0,no,0
sample_1575,rust,data_mutations,short,0,no,0
sample_1575,typescript,data_mutations,short,0,no,0
sample_1575,swift,data_mutations,short,0,no,0
sample_1575,r,data_mutations,short,0,no,0
sample_1611,python,data_mutations,medium,0,no,0
sample_1611,java,data_mutations,medium,0,no,0
sample_1611,cpp,data_mutations,medium,0,no,0
sample_1611,c,data_mutations,medium,0,no,0
sample_1611,php,data_mutations,medium,0,no,0
sample_1611,javascript,data_mutations,medium,0,no,0
sample_1611,ruby,data_mutations,medium,0,no,0
sample_1611,rust,data_mutations,medium,0,no,0
sample_1611,typescript,data_mutations,medium,0,no,0
sample_1611,swift,data_mutations,medium,0,no,0
sample_1611,r,data_mutations,medium,0,no,0
sample_1616,python,data_mutations,medium,0,no,0
sample_1616,java,data_mutations,medium,0,no,0
sample_1616,cpp,data_mutations,medium,0,no,0
sample_1616,c,data_mutations,medium,0,no,0
sample_1616,php,data_mutations,medium,0,no,0
sample_1616,javascript,data_mutations,medium,0,no,0
sample_1616,ruby,data_mutations,medium,0,no,0
sample_1616,rust,data_mutations,medium,0,no,0
sample_1616,typescript,data_mutations,medium,0,no,0
sample_1616,swift,data_mutations,medium,0,no,0
sample_1616,r,data_mutations,medium,0,no,0
sample_1659,python,data_mutations,medium,0,no,0
sample_1659,java,data_mutations,medium,0,yes,1
sample_1659,cpp,data_mutations,medium,0,no,0
sample_1659,c,data_mutations,medium,0,no,0
sample_1659,php,data_mutations,medium,0,no,0
sample_1659,javascript,data_mutations,medium,0,no,0
sample_1659,ruby,data_mutations,medium,0,no,0
sample_1659,rust,data_mutations,medium,0,no,0
sample_1659,typescript,data_mutations,medium,0,no,0
sample_1659,swift,data_mutations,medium,0,no,0
sample_1659,r,data_mutations,medium,0,no,0
sample_1686,python,data_mutations,medium,0,no,0
sample_1686,java,data_mutations,medium,0,no,0
sample_1686,cpp,data_mutations,medium,0,no,0
sample_1686,c,data_mutations,medium,0,no,0
sample_1686,php,data_mutations,medium,0,no,0
sample_1686,javascript,data_mutations,medium,0,no,0
sample_1686,ruby,data_mutations,medium,0,no,0
sample_1686,rust,data_mutations,medium,0,no,0
sample_1686,typescript,data_mutations,medium,0,no,0
sample_1686,swift,data_mutations,medium,0,no,0
sample_1686,r,data_mutations,medium,0,no,0
sample_1776,python,data_mutations,long,0,no,0
sample_1776,java,data_mutations,long,0,no,0
sample_1776,cpp,data_mutations,long,0,no,0
sample_1776,c,data_mutations,long,0,no,0
sample_1776,php,data_mutations,long,0,no,0
sample_1776,javascript,data_mutations,long,0,no,0
sample_1776,ruby,data_mutations,long,0,no,0
sample_1776,rust,data_mutations,long,0,no,0
sample_1776,typescript,data_mutations,long,0,no,0
sample_1776,swift,data_mutations,long,0,no,0
sample_1776,r,data_mutations,long,0,no,0
sample_1829,python,floating_point_precision,short,1,yes,1
sample_1829,java,floating_point_precision,short,1,yes,1
sample_1829,cpp,floating_point_precision,short,1,yes,1
sample_1829,c,floating_point_precision,short,1,yes,1
sample_1829,php,floating_point_precision,short,1,yes,1
sample_1829,javascript,floating_point_precision,short,1,yes,1
sample_1829,ruby,floating_point_precision,short,1,yes,1
sample_1829,rust,floating_point_precision,short,1,yes,1
sample_1829,typescript,floating_point_precision,short,1,yes,1
sample_1829,swift,floating_point_precision,short,1,yes,1
sample_1829,r,floating_point_precision,short,1,yes,1
sample_1848,python,floating_point_precision,short,1,yes,1
sample_1848,java,floating_point_precision,short,1,yes,1
sample_1848,cpp,floating_point_precision,short,1,yes,1
sample_1848,c,floating_point_precision,short,1,yes,1
sample_1848,php,floating_point_precision,short,1,yes,1
sample_1848,javascript,floating_point_precision,short,1,yes,1
sample_1848,ruby,floating_point_precision,short,1,yes,1
sample_1848,rust,floating_point_precision,short,1,yes,1
sample_1848,typescript,floating_point_precision,short,1,yes,1
sample_1848,swift,floating_point_precision,short,1,yes,1
sample_1848,r,floating_point_precision,short,1,yes,1
sample_1932,python,floating_point_precision,medium,1,yes,1
sample_1932,java,floating_point_precision,medium,1,yes,1
sample_1932,cpp,floating_point_precision,medium,1,yes,1
sample_1932,c,floating_point_precision,medium,1,yes,1
sample_1932,php,floating_point_precision,medium,1,yes,1
sample_1932,javascript,floating_point_precision,medium,1,yes,1
sample_1932,ruby,floating_point_precision,medium,1,yes,1
sample_1932,rust,floating_point_precision,medium,1,yes,1
sample_1932,typescript,floating_point_precision,medium,1,yes,1
sample_1932,swift,floating_point_precision,medium,1,yes,1
sample_1932,r,floating_point_precision,medium,1,yes,1
sample_2115,python,floating_point_precision,short,0,no,0
sample_2115,java,floating_point_precision,short,0,no,0
sample_2115,cpp,floating_point_precision,short,0,no,0
sample_2115,c,floating_point_precision,short,0,no,0
sample_2115,php,floating_point_precision,short,0,no,0
sample_2115,javascript,floating_point_precision,short,0,no,0
sample_2115,ruby,floating_point_precision,short,0,no,0
sample_2115,rust,floating_point_precision,short,0,no,0
sample_2115,typescript,floating_point_precision,short,0,no,0
sample_2115,swift,floating_point_precision,short,0,no,0
sample_2115,r,floating_point_precision,short,0,no,0
sample_2132,python,floating_point_precision,short,0,no,0
sample_2132,java,floating_point_precision,short,0,no,0
sample_2132,cpp,floating_point_precision,short,0,no,0
sample_2132,c,floating_point_precision,short,0,no,0
sample_2132,php,floating_point_precision,short,0,no,0
sample_2132,javascript,floating_point_precision,short,0,no,0
sample_2132,ruby,floating_point_precision,short,0,no,0
sample_2132,rust,floating_point_precision,short,0,no,0
sample_2132,typescript,floating_point_precision,short,0,no,0
sample_2132,swift,floating_point_precision,short,0,no,0
sample_2132,r,floating_point_precision,short,0,no,0
sample_2167,python,floating_point_precision,short,0,yes,1
sample_2167,java,floating_point_precision,short,0,yes,1
sample_2167,cpp,floating_point_precision,short,0,yes,1
sample_2167,c,floating_point_precision,short,0,yes,1
sample_2167,php,floating_point_precision,short,0,yes,1
sample_2167,javascript,floating_point_precision,short,0,yes,1
sample_2167,ruby,floating_point_precision,short,0,yes,1
sample_2167,rust,floating_point_precision,short,0,yes,1
sample_2167,typescript,floating_point_precision,short,0,yes,1
sample_2167,swift,floating_point_precision,short,0,yes,1
sample_2167,r,floating_point_precision,short,0,yes,1
sample_2171,python,floating_point_precision,short,0,no,0
sample_2171,java,floating_point_precision,short,0,no,0
sample_2171,cpp,floating_point_precision,short,0,no,0
sample_2171,c,floating_point_precision,short,0,no,0
sample_2171,php,floating_point_precision,short,0,no,0
sample_2171,javascript,floating_point_precision,short,0,yes,1
sample_2171,ruby,floating_point_precision,short,0,no,0
sample_2171,rust,floating_point_precision,short,0,no,0
sample_2171,typescript,floating_point_precision,short,0,no,0
sample_2171,swift,floating_point_precision,short,0,no,0
sample_2171,r,floating_point_precision,short,0,no,0
sample_2248,python,floating_point_precision,medium,0,no,0
sample_2248,java,floating_point_precision,medium,0,no,0
sample_2248,cpp,floating_point_precision,medium,0,no,0
sample_2248,c,floating_point_precision,medium,0,no,0
sample_2248,php,floating_point_precision,medium,0,no,0
sample_2248,javascript,floating_point_precision,medium,0,no,0
sample_2248,ruby,floating_point_precision,medium,0,no,0
sample_2248,rust,floating_point_precision,medium,0,no,0
sample_2248,typescript,floating_point_precision,medium,0,no,0
sample_2248,swift,floating_point_precision,medium,0,no,0
sample_2248,r,floating_point_precision,medium,0,no,0
sample_2309,python,floating_point_precision,long,0,no,0
sample_2309,java,floating_point_precision,long,0,no,0
sample_2309,cpp,floating_point_precision,long,0,no,0
sample_2309,c,floating_point_precision,long,0,no,0
sample_2309,php,floating_point_precision,long,0,no,0
sample_2309,javascript,floating_point_precision,long,0,yes,1
sample_2309,ruby,floating_point_precision,long,0,yes,1
sample_2309,rust,floating_point_precision,long,0,no,0
sample_2309,typescript,floating_point_precision,long,0,no,0
sample_2309,swift,floating_point_precision,long,0,no,0
sample_2309,r,floating_point_precision,long,0,no,0
sample_2373,python,floating_point_precision,long,0,no,0
sample_2373,java,floating_point_precision,long,0,no,0
sample_2373,cpp,floating_point_precision,long,0,no,0
sample_2373,c,floating_point_precision,long,0,no,0
sample_2373,php,floating_point_precision,long,0,no,0
sample_2373,javascript,floating_point_precision,long,0,no,0
sample_2373,ruby,floating_point_precision,long,0,yes,1
sample_2373,rust,floating_point_precision,long,0,no,0
sample_2373,typescript,floating_point_precision,long,0,no,0
sample_2373,swift,floating_point_precision,long,0,no,0
sample_2373,r,floating_point_precision,long,0,no,0
sample_2399,python,floating_point_precision,long,0,no,0
sample_2399,java,floating_point_precision,long,0,no,0
sample_2399,cpp,floating_point_precision,long,0,no,0
sample_2399,c,floating_point_precision,long,0,no,0
sample_2399,php,floating_point_precision,long,0,no,0
sample_2399,javascript,floating_point_precision,long,0,no,0
sample_2399,ruby,floating_point_precision,long,0,yes,1
sample_2399,rust,floating_point_precision,long,0,no,0
sample_2399,typescript,floating_point_precision,long,0,no,0
sample_2399,swift,floating_point_precision,long,0,no,0
sample_2399,r,floating_point_precision,long,0,yes,1
sample_2432,python,mathematical_sequences,short,1,yes,1
sample_2432,java,mathematical_sequences,short,1,yes,1
sample_2432,cpp,mathematical_sequences,short,1,yes,1
sample_2432,c,mathematical_sequences,short,1,yes,1
sample_2432,php,mathematical_sequences,short,1,yes,1
sample_2432,javascript,mathematical_sequences,short,1,yes,1
sample_2432,ruby,mathematical_sequences,short,1,yes,1
sample_2432,rust,mathematical_sequences,short,1,yes,1
sample_2432,typescript,mathematical_sequences,short,1,yes,1
sample_2432,swift,mathematical_sequences,short,1,yes,1
sample_2432,r,mathematical_sequences,short,1,yes,1
sample_2499,python,mathematical_sequences,short,1,yes,1
sample_2499,java,mathematical_sequences,short,1,yes,1
sample_2499,cpp,mathematical_sequences,short,1,yes,1
sample_2499,c,mathematical_sequences,short,1,yes,1
sample_2499,php,mathematical_sequences,short,1,yes,1
sample_2499,javascript,mathematical_sequences,short,1,yes,1
sample_2499,ruby,mathematical_sequences,short,1,yes,1
sample_2499,rust,mathematical_sequences,short,1,yes,1
sample_2499,typescript,mathematical_sequences,short,1,yes,1
sample_2499,swift,mathematical_sequences,short,1,yes,1
sample_2499,r,mathematical_sequences,short,1,yes,1
sample_2672,python,mathematical_sequences,long,1,yes,1
sample_2672,java,mathematical_sequences,long,1,yes,1
sample_2672,cpp,mathematical_sequences,long,1,yes,1
sample_2672,c,mathematical_sequences,long,1,yes,1
sample_2672,php,mathematical_sequences,long,1,yes,1
sample_2672,javascript,mathematical_sequences,long,1,yes,1
sample_2672,ruby,mathematical_sequences,long,1,yes,1
sample_2672,rust,mathematical_sequences,long,1,yes,1
sample_2672,typescript,mathematical_sequences,long,1,yes,1
sample_2672,swift,mathematical_sequences,long,1,yes,1
sample_2672,r,mathematical_sequences,long,1,yes,1
sample_2738,python,mathematical_sequences,short,0,no,0
sample_2738,java,mathematical_sequences,short,0,no,0
sample_2738,cpp,mathematical_sequences,short,0,no,0
sample_2738,c,mathematical_sequences,short,0,no,0
sample_2738,php,mathematical_sequences,short,0,no,0
sample_2738,javascript,mathematical_sequences,short,0,no,0
sample_2738,ruby,mathematical_sequences,short,0,no,0
sample_2738,rust,mathematical_sequences,short,0,yes,1
sample_2738,typescript,mathematical_sequences,short,0,no,0
sample_2738,swift,mathematical_sequences,short,0,no,0
sample_2738,r,mathematical_sequences,short,0,no,0
sample_2825,python,mathematical_sequences,medium,0,no,0
sample_2825,java,mathematical_sequences,medium,0,no,0
sample_2825,cpp,mathematical_sequences,medium,0,no,0
sample_2825,c,mathematical_sequences,medium,0,no,0
sample_2825,php,mathematical_sequences,medium,0,no,0
sample_2825,javascript,mathematical_sequences,medium,0,no,0
sample_2825,ruby,mathematical_sequences,medium,0,no,0
sample_2825,rust,mathematical_sequences,medium,0,no,0
sample_2825,typescript,mathematical_sequences,medium,0,no,0
sample_2825,swift,mathematical_sequences,medium,0,no,0
sample_2825,r,mathematical_sequences,medium,0,no,0
sample_2884,python,mathematical_sequences,medium,0,no,0
sample_2884,java,mathematical_sequences,medium,0,no,0
sample_2884,cpp,mathematical_sequences,medium,0,no,0
sample_2884,c,mathematical_sequences,medium,0,no,0
sample_2884,php,mathematical_sequences,medium,0,no,0
sample_2884,javascript,mathematical_sequences,medium,0,no,0
sample_2884,ruby,mathematical_sequences,medium,0,yes,1
sample_2884,rust,mathematical_sequences,medium,0,no,0
sample_2884,typescript,mathematical_sequences,medium,0,no,0
sample_2884,swift,mathematical_sequences,medium,0,no,0
sample_2884,r,mathematical_sequences,medium,0,no,0
sample_2888,python,mathematical_sequences,medium,0,no,0
sample_2888,java,mathematical_sequences,medium,0,no,0
sample_2888,cpp,mathematical_sequences,medium,0,no,0
sample_2888,c,mathematical_sequences,medium,0,no,0
sample_2888,php,mathematical_sequences,medium,0,no,0
sample_2888,javascript,mathematical_sequences,medium,0,no,0
sample_2888,ruby,mathematical_sequences,medium,0,no,0
sample_2888,rust,mathematical_sequences,medium,0,no,0
sample_2888,typescript,mathematical_sequences,medium,0,no,0
sample_2888,swift,mathematical_sequences,medium,0,no,0
sample_2888,r,mathematical_sequences,medium,0,yes,1
sample_2920,python,mathematical_sequences,long,0,no,0
sample_2920,java,mathematical_sequences,long,0,no,0
sample_2920,cpp,mathematical_sequences,long,0,no,0
sample_2920,c,mathematical_sequences,long,0,no,0
sample_2920,php,mathematical_sequences,long,0,no,0
sample_2920,javascript,mathematical_sequences,long,0,no,0
sample_2920,ruby,mathematical_sequences,long,0,no,0
sample_2920,rust,mathematical_sequences,long,0,no,0
sample_2920,typescript,mathematical_sequences,long,0,no,0
sample_2920,swift,mathematical_sequences,long,0,no,0
sample_2920,r,mathematical_sequences,long,0,no,0
sample_2943,python,mathematical_sequences,long,0,no,0
sample_2943,java,mathematical_sequences,long,0,no,0
sample_2943,cpp,mathematical_sequences,long,0,no,0
sample_2943,c,mathematical_sequences,long,0,no,0
sample_2943,php,mathematical_sequences,long,0,no,0
sample_2943,javascript,mathematical_sequences,long,0,no,0
sample_2943,ruby,mathematical_sequences,long,0,yes,1
sample_2943,rust,mathematical_sequences,long,0,no,0
sample_2943,typescript,mathematical_sequences,long,0,no,0
sample_2943,swift,mathematical_sequences,long,0,no,0
sample_2943,r,mathematical_sequences,long,0,no,0
sample_2945,python,mathematical_sequences,long,0,no,0
sample_2945,java,mathematical_sequences,long,0,no,0
sample_2945,cpp,mathematical_sequences,long,0,no,0
sample_2945,c,mathematical_sequences,long,0,no,0
sample_2945,php,mathematical_sequences,long,0,no,0
sample_2945,javascript,mathematical_sequences,long,0,no,0
sample_2945,ruby,mathematical_sequences,long,0,no,0
sample_2945,rust,mathematical_sequences,long,0,no,0
sample_2945,typescript,mathematical_sequences,long,0,no,0
sample_2945,swift,mathematical_sequences,long,0,no,0
sample_2945,r,mathematical_sequences,long,0,no,0
sample_2978,python,mathematical_sequences,long,0,no,0
sample_2978,java,mathematical_sequences,long,0,no,0
sample_2978,cpp,mathematical_sequences,long,0,no,0
sample_2978,c,mathematical_sequences,long,0,no,0
sample_2978,php,mathematical_sequences,long,0,no,0
sample_2978,javascript,mathematical_sequences,long,0,no,0
sample_2978,ruby,mathematical_sequences,long,0,no,0
sample_2978,rust,mathematical_sequences,long,0,no,0
sample_2978,typescript,mathematical_sequences,long,0,no,0
sample_2978,swift,mathematical_sequences,long,0,no,0
sample_2978,r,mathematical_sequences,long,0,no,0
sample_2989,python,mathematical_sequences,long,0,no,0
sample_2989,java,mathematical_sequences,long,0,no,0
sample_2989,cpp,mathematical_sequences,long,0,no,0
sample_2989,c,mathematical_sequences,long,0,no,0
sample_2989,php,mathematical_sequences,long,0,no,0
sample_2989,javascript,mathematical_sequences,long,0,no,0
sample_2989,ruby,mathematical_sequences,long,0,yes,1
sample_2989,rust,mathematical_sequences,long,0,no,0
sample_2989,typescript,mathematical_sequences,long,0,no,0
sample_2989,swift,mathematical_sequences,long,0,no,0
sample_2989,r,mathematical_sequences,long,0,no,0
